NbObjects;CPUElapsedMs;GPUElapsedMs
0;1716;233
1;1803;230
4;1696;241
9;1722;276
16;1756;331
25;1773;424
36;1741;560
49;1789;747
64;1873;991
81;1991;1351
100;2204;1678
121;2310;2026
144;2562;2400
169;2756;2832
196;3082;3289
225;3382;3790
256;3692;4343
289;4218;4923
324;4691;5548
361;5150;6234
400;5657;6951
441;6161;7701
484;6742;8493
529;7356;9349
576;8155;10274
625;8601;11210
676;9321;12213
729;10097;13243
784;10892;14400
0;376;227
1;389;220
4;435;229
9;527;265
16;605;329
25;742;421
36;889;556
49;1070;746
64;1304;982
81;1565;1358
100;1752;1687
121;1971;2031
144;2275;2411
169;2501;2835
196;2821;3298
225;3245;3809
256;3611;4353
289;4093;4944
324;4634;5581
361;5141;6253
400;5652;6980
441;6203;7712
484;6759;8564
529;7378;9392
576;8012;10344
625;8671;11299
676;9321;12288
729;9985;13352
784;10766;14471
841;11706;15603
900;12690;16780
961;14179;17997
1024;15526;19195
0;422;214
1;410;217
4;451;235
9;528;267
16;624;327
25;772;422
36;917;563
49;1075;748
64;1277;998
81;1539;1355
100;1732;1688
121;1972;2032
144;2216;2412
169;2513;2840
196;2833;3293
225;3211;3801
256;3597;4359
289;4022;4936
324;4524;5567
361;5002;6253
400;5543;6977
441;6076;7739
484;6655;8560
529;7242;9420
576;7889;10342
625;8554;11294
676;9254;12299
729;9979;13336
784;10792;14487
841;11634;15622
900;12694;16809
961;14070;17208
1024;15532;19237
0;413;215
1;398;221
4;442;229
9;541;265
16;601;320
25;770;424
36;889;562
49;1086;743
64;1275;985
81;1537;1357
100;1760;1688
121;1956;2032
144;2194;2410
169;2482;2836
196;2830;3289
225;3195;3810
256;3582;4349
289;4024;4940
324;4521;5563
361;5004;6243
400;5543;6989
441;6073;7744
484;6651;8566
529;7235;9414
576;7895;10365
625;8556;11293
676;9256;12302
729;9989;13348
784;10795;14468
841;11633;15618
900;12712;16771
961;14100;17996
1024;15540;19220
0;427;217
1;395;215
4;435;230
9;507;262
16;601;317
25;740;420
36;903;561
49;1066;744
64;1302;992
81;1539;1356
100;1749;1689
121;1949;2035
144;2216;2405
169;2507;2835
196;2831;3308
225;3197;3809
256;3575;4349
289;4020;4933
324;4510;5578
361;4998;6251
400;5544;6996
441;6072;7742
484;6653;8555
529;7246;9422
576;7892;10340
625;8553;11287
676;9253;12302
729;9996;13346
784;10787;14459
841;11620;15618
900;12685;16776
961;14019;17991
1024;15525;19237
0;417;214
1;395;218
4;438;229
9;509;263
16;604;329
25;741;418
36;917;561
49;1069;742
64;1281;984
81;1552;1353
100;1754;1688
121;1953;2022
144;2230;2410
169;2490;2834
196;2821;3299
225;3192;3801
256;3596;4346
289;4025;4934
324;4501;5574
361;4993;6258
400;5545;6977
441;6077;7737
484;6658;8558
529;7245;9410
576;7882;10345
625;8552;11291
676;9244;12297
729;9988;13337
784;10786;14477
841;11619;15612
900;12683;16793
961;14030;17956
1024;15535;19219
0;414;225
1;396;222
4;438;230
9;510;259
16;604;318
25;772;423
36;892;565
49;1109;741
64;1316;990
81;1566;1357
100;1737;1682
121;1950;2033
144;2224;2406
169;2484;2831
196;2807;3300
225;3202;3806
256;3593;4355
289;4022;4945
324;4518;5574
361;4995;6247
400;5541;6988
441;6074;7736
484;6656;8545
529;7244;9427
576;7888;10311
625;8552;11284
676;9261;12305
729;9987;13353
784;10796;14471
841;11634;15596
900;12702;16771
961;14086;17979
1024;15618;19264
0;435;213
1;436;215
4;440;229
9;512;259
16;603;320
25;768;423
36;896;557
49;1097;741
64;1277;988
81;1560;1356
100;1739;1687
121;1969;2031
144;2198;2408
169;2519;2834
196;2823;3294
225;3201;3806
256;3576;4352
289;4018;4936
324;4523;5566
361;5006;6251
400;5545;6987
441;6071;7740
484;6656;8554
529;7250;9411
576;7889;10335
625;8554;11288
676;9256;12314
729;9990;13353
784;10796;14469
841;11625;15621
900;12703;16814
961;14078;18001
1024;15617;19232
0;423;216
1;404;216
4;438;237
9;506;256
16;630;321
25;746;425
36;926;561
49;1098;742
64;1287;995
81;1558;1355
100;1734;1687
121;1951;2033
144;2215;2413
169;2490;2825
196;2831;3295
225;3180;3804
256;3628;4352
289;4024;4934
324;4523;5574
361;5002;6253
400;5547;6976
441;6077;7740
484;6655;8566
529;7245;9424
576;7896;10347
625;8551;11289
676;9267;12309
729;9989;13353
784;10804;14444
841;11626;15602
900;12675;16770
961;14031;17989
1024;15613;19198
0;422;214
1;456;223
4;444;232
9;508;258
16;637;320
25;774;431
36;896;563
49;1077;745
64;1302;988
81;1556;1356
100;1740;1691
121;1951;2034
144;2236;2403
169;2491;2839
196;2832;3297
225;3206;3805
256;3580;4340
289;4029;4940
324;4519;5565
361;4995;6248
400;5544;6984
441;6079;7740
484;6650;8563
529;7244;9417
576;7885;10047
625;8551;11287
676;9256;12291
729;9985;13348
784;10793;14487
841;11623;15627
900;12706;16778
961;14031;17992
1024;15539;19222
0;421;214
1;396;216
4;436;230
9;506;260
16;624;322
25;763;421
36;892;558
49;1066;744
64;1279;989
81;1559;1353
100;1732;1686
121;1949;2034
144;2219;2409
169;2495;2840
196;2817;3306
225;3193;3805
256;3592;4347
289;4021;4937
324;4508;5570
361;5003;6250
400;5549;6981
441;6075;7737
484;6653;8554
529;7242;9420
576;7887;10349
625;8550;11282
676;9255;12300
729;9998;13325
784;10797;14447
841;11621;15608
900;12685;16779
961;14016;17995
1024;15536;19230
0;411;214
1;397;214
4;436;230
9;504;259
16;622;322
25;743;420
36;890;562
49;1095;747
64;1308;985
81;1560;1356
100;1734;1687
121;1950;2034
144;2217;2413
169;2482;2825
196;2822;3305
225;3171;3807
256;3586;4351
289;4026;4934
324;4522;5575
361;5004;6253
400;5545;6988
441;6072;7744
484;6652;8547
529;7249;9419
576;7889;10342
625;8550;11293
676;9244;12324
729;9978;13334
784;10785;14486
841;11622;15613
900;12696;16768
961;14035;17995
1024;15518;19225
0;429;214
1;429;217
4;438;230
9;509;260
16;605;320
25;762;423
36;920;557
49;1081;741
64;1279;989
81;1562;1354
100;1751;1689
121;1974;2034
144;2222;2411
169;2501;2835
196;2820;3296
225;3226;3801
256;3593;4354
289;4027;4935
324;4524;5575
361;5001;6251
400;5541;6977
441;6074;7741
484;6658;8562
529;7245;9421
576;7892;10348
625;8553;11299
676;9261;12305
729;9998;13345
784;10795;14484
841;11632;15621
900;12706;16790
961;14078;17990
1024;15617;19252
0;438;214
1;419;217
4;440;228
9;514;264
16;612;327
25;758;418
36;917;561
49;1092;747
64;1279;986
81;1552;1360
100;1741;1688
121;1956;2029
144;2221;2401
169;2510;2835
196;2854;3301
225;3198;3801
256;3597;4351
289;4013;4942
324;4507;5577
361;5001;6249
400;5544;6976
441;6075;7751
484;6704;8562
529;7245;9406
576;7888;10353
625;8557;11288
676;9257;12275
729;9994;13343
784;10796;14463
841;11632;15602
900;12718;16767
961;14011;17983
1024;15542;19212
0;420;214
1;399;216
4;437;233
9;506;259
16;640;318
25;763;423
36;900;561
49;1068;743
64;1306;986
81;1563;1353
100;1753;1684
121;1967;2025
144;2196;2410
169;2489;2836
196;2837;3300
225;3200;3810
256;3586;4347
289;4012;4929
324;4503;5572
361;4998;6250
400;5547;6985
441;6071;7733
484;6652;8565
529;7240;9423
576;7883;10354
625;8548;11292
676;9249;12317
729;9977;13353
784;10787;14455
841;11629;15592
900;12701;16754
961;14068;18003
1024;15622;19214
0;386;215
1;403;215
4;453;232
9;511;259
16;635;325
25;743;422
36;897;565
49;1093;748
64;1305;987
81;1552;1354
100;1734;1685
121;1953;2030
144;2205;2407
169;2494;2830
196;2836;3303
225;3176;3798
256;3594;4350
289;4021;4937
324;4519;5567
361;5005;6258
400;5538;6996
441;6071;7743
484;6653;8558
529;7248;9411
576;7894;10352
625;8553;11290
676;9261;12297
729;9992;13348
784;10799;14457
841;11639;15577
900;12694;16787
961;14078;17951
1024;15603;19199
0;415;214
1;398;218
4;440;235
9;506;257
16;624;319
25;741;426
36;890;563
49;1094;746
64;1289;985
81;1556;1357
100;1756;1690
121;1971;2036
144;2199;2415
169;2492;2835
196;2826;3298
225;3199;3814
256;3596;4346
289;4019;4927
324;4519;5578
361;5000;6249
400;5540;6979
441;6077;7735
484;6651;8562
529;7244;9421
576;7894;10348
625;8546;11288
676;9258;12276
729;9987;13347
784;10786;14445
841;11642;15613
900;12694;16775
961;14068;17974
1024;15597;19252
0;428;215
1;407;218
4;439;238
9;535;264
16;639;325
25;741;426
36;920;566
49;1103;751
64;1310;986
81;1549;1352
100;1756;1687
121;1953;2031
144;2222;2415
169;2519;2835
196;2823;3296
225;3195;3799
256;3570;4351
289;4023;4924
324;4511;5572
361;5005;6249
400;5547;6977
441;6077;7747
484;6653;8560
529;7252;9415
576;7887;10335
625;8552;11280
676;9256;12284
729;9998;13365
784;10793;14489
841;11626;15610
900;12707;16802
961;14022;17979
1024;15547;19210
0;434;216
0;414;227
1;401;220
4;437;228
9;510;263
16;607;329
25;855;428
36;948;559
49;1092;743
64;1273;983
81;1549;1351
100;1732;1684
121;1992;2026
144;2223;2405
169;2482;2826
196;2828;3294
225;3193;3799
256;3591;4337
289;4085;4930
324;4529;5573
361;5004;6239
400;5610;6974
441;6126;7728
484;6727;8544
529;7292;9391
576;7950;10331
625;8666;11277
676;9255;12278
729;10032;13349
784;10790;14456
841;11598;15606
900;12745;16758
961;14102;17997
1024;15600;19222
0;417;216
1;410;222
4;435;236
9;500;263
16;599;326
25;762;426
36;917;563
49;1065;740
64;1278;986
81;1549;1352
100;1748;1683
121;1961;2020
144;2289;2410
169;2549;2828
196;2884;3288
225;3252;3798
256;3655;4345
289;4087;4928
324;4584;5565
361;5078;6220
400;5625;6964
441;6142;7729
484;6723;8557
529;7309;9406
576;7951;10322
625;8598;11265
676;9303;12280
729;10021;13342
784;10782;14431
841;11637;15576
900;12756;16779
961;14149;17946
1024;15574;19176
0;409;218
1;401;219
4;433;237
9;499;268
16;620;323
25;739;423
36;892;562
49;1068;742
64;1291;988
81;1550;1353
100;1733;1684
121;1956;2022
144;2274;2399
169;2585;2831
196;2866;3290
225;3286;3794
256;3640;4349
289;4075;4935
324;4579;5564
361;5070;6245
400;5609;6966
441;6146;7732
484;6725;8539
529;7315;9403
576;7944;10312
625;8609;11275
676;9293;12280
729;10021;13319
784;10799;14477
841;11646;15585
900;12743;16753
961;14129;17944
1024;15652;19207
0;424;215
1;397;215
4;442;236
9;500;261
16;601;323
25;766;424
36;905;564
49;1067;745
64;1307;990
81;1558;1353
100;1736;1683
121;1984;2027
144;2266;2400
169;2558;2828
196;2864;3291
225;3260;3800
256;3656;4338
289;4087;4928
324;4585;5559
361;5076;6247
400;5621;6966
441;6152;7731
484;6723;8544
529;7305;9403
576;7947;10320
625;8603;11252
676;9301;12302
729;10029;13311
784;10791;14434
841;11648;15581
900;12763;16739
961;14223;17950
1024;15667;19175
0;410;222
1;406;216
4;432;228
9;500;261
16;602;323
25;740;424
36;916;560
49;1070;740
64;1276;988
81;1528;1357
100;1758;1689
121;1954;2027
144;2271;2397
169;2587;2828
196;2880;3293
225;3246;3794
256;3656;4346
289;4092;4936
324;4589;5562
361;5082;6242
400;5613;6965
441;6144;7732
484;6721;8541
529;7313;9396
576;7953;10305
625;8605;11265
676;9298;12281
729;10023;13323
784;10807;14467
841;11639;15577
900;12721;16739
961;14155;17940
1024;15587;19178
0;411;215
1;397;219
4;434;235
9;499;261
16;639;325
25;769;421
36;887;564
49;1085;743
64;1279;986
81;1526;1354
100;1732;1685
121;1956;2026
144;2275;2408
169;2574;2830
196;2891;3288
225;3267;3798
256;3658;4342
289;4092;4929
324;4572;5571
361;5067;6244
400;5608;6962
441;6146;7728
484;6726;8554
529;7312;9396
576;7944;10313
625;8595;11250
676;9305;12279
729;10034;13328
784;10796;14440
841;11651;15595
900;12758;16744
961;14205;17691
1024;15659;19169
0;412;219
1;398;220
4;433;234
9;500;265
16;602;324
25;737;425
36;887;561
49;1065;740
64;1274;987
81;1545;1354
100;1735;1678
121;1965;2025
144;2264;2402
169;2554;2829
196;2860;3288
225;3260;3804
256;3656;4342
289;4089;4928
324;4572;5559
361;5075;6241
400;5614;6963
441;6145;7717
484;6730;8541
529;7313;9410
576;7948;10318
625;8613;11267
676;9297;12297
729;10034;13300
784;10785;14445
841;11629;15583
900;12727;16773
961;14159;17961
1024;15571;19192
0;409;216
1;395;218
4;437;230
9;532;265
16;602;329
25;750;426
36;887;558
49;1068;738
64;1301;990
81;1526;1357
100;1735;1683
121;1961;2023
144;2269;2404
169;2561;2827
196;2865;3284
225;3245;3801
256;3650;4344
289;4087;4934
324;4591;5572
361;5079;6246
400;5613;6970
441;6149;7730
484;6733;8551
529;7318;9397
576;7949;10313
625;8611;11269
676;9304;12280
729;10033;13314
784;10783;14472
841;11648;15588
900;12748;16758
961;14203;17952
1024;15662;19197
0;413;214
1;399;216
4;435;233
9;505;260
16;605;326
25;747;421
36;915;560
49;1068;739
64;1294;988
81;1533;1354
100;1730;1687
121;1960;2025
144;2293;2405
169;2580;2827
196;2871;3285
225;3260;3801
256;3643;4343
289;4094;4930
324;4593;5563
361;5095;6240
400;5608;6963
441;6144;7736
484;6716;8544
529;7311;9391
576;7948;10314
625;8614;11272
676;9311;12269
729;10044;13329
784;10793;14455
841;11630;15594
900;12711;16756
961;14209;17951
1024;15669;19208
0;419;219
1;414;220
4;433;234
9;517;265
16;602;324
25;742;422
36;925;561
49;1104;742
64;1310;988
81;1540;1350
100;1735;1683
121;1961;2028
144;2300;2402
169;2563;2822
196;2890;3292
225;3246;3803
256;3659;4347
289;4095;4935
324;4590;5556
361;5078;6239
400;5613;6980
441;6143;7738
484;6728;8540
529;7315;9402
576;7955;10330
625;8612;11244
676;9310;12289
729;10034;13333
784;10798;14433
841;11650;15583
900;12711;16747
961;14203;17980
1024;15661;19161
0;412;212
1;405;223
4;438;232
9;501;258
16;609;319
25;744;422
36;929;563
49;1094;744
64;1307;984
81;1560;1354
100;1733;1683
121;1955;2024
144;2297;2402
169;2555;2826
196;2903;3293
225;3265;3795
256;3656;4342
289;4091;4928
324;4583;5562
361;5075;6224
400;5617;6961
441;6145;7693
484;6729;8546
529;7312;9391
576;7954;10316
625;8607;11275
676;9317;12267
729;10037;13335
784;10800;14450
841;11629;15601
900;12757;16755
961;14236;17997
1024;15661;19180
0;419;217
1;416;222
4;439;228
9;505;263
16;605;321
25;747;423
36;917;564
49;1107;741
64;1307;985
81;1554;1350
100;1732;1683
121;1977;2020
144;2278;2404
169;2563;2832
196;2891;3284
225;3263;3797
256;3687;4342
289;4087;4927
324;4591;5570
361;5076;6244
400;5612;6965
441;6141;7741
484;6728;8537
529;7316;9299
576;7942;10315
625;8603;11252
676;9304;12258
729;10028;12932
784;10791;14446
841;11635;15593
900;12734;16726
961;14213;17940
1024;15665;19173
0;391;215
1;412;216
4;456;229
9;504;263
16;604;325
25;771;422
36;921;561
49;1066;741
64;1277;990
81;1527;1351
100;1731;1687
121;1978;2023
144;2294;2402
169;2592;2829
196;2890;3287
225;3263;3798
256;3655;4345
289;4094;4923
324;4588;5558
361;5078;6245
400;5612;6966
441;6139;7733
484;6727;8541
529;7314;9402
576;7946;10307
625;8610;11267
676;9309;12280
729;10037;13330
784;10797;14446
841;11652;15586
900;12733;16769
961;14157;17971
1024;15584;19197
0;416;216
1;407;215
4;443;229
9;507;265
16;617;323
25;776;427
36;890;561
49;1093;741
64;1350;988
81;1550;1353
100;1732;1685
121;1964;2022
144;2305;2404
169;2565;2825
196;2891;3284
225;3259;3802
256;3658;4327
289;4092;4930
324;4586;5566
361;5079;6243
400;5612;6967
441;6150;7736
484;6728;8543
529;7314;9396
576;7950;10313
625;8608;11258
676;9308;12285
729;10037;13339
784;10804;14428
841;11644;15593
900;12768;16751
961;14205;17971
1024;15662;19187
0;420;217
1;398;214
4;437;233
9;511;258
16;625;320
25;770;424
36;932;557
49;1096;745
64;1304;985
81;1531;1356
100;1734;1681
121;1975;2028
144;2286;2402
169;2557;2826
196;2892;3290
225;3240;3797
256;3654;4344
289;4079;4932
324;4581;5567
361;5075;6246
400;5615;6968
441;6147;7729
484;6733;8534
529;7314;9392
576;7957;10333
625;8618;11275
676;9300;12281
729;10025;13316
784;10787;14435
841;11635;15614
900;12726;16756
961;14155;17955
1024;15577;19179
0;416;215
1;394;222
4;439;231
9;504;261
16;610;322
25;742;426
36;919;562
49;1094;740
64;1315;986
81;1552;1351
100;1755;1683
121;1978;2025
144;2287;2404
169;2567;2827
196;2885;3290
225;3264;3798
256;3659;4344
289;4091;4924
324;4592;5561
361;5077;6251
400;5629;6967
441;6141;7736
484;6720;8546
529;7308;9392
576;7946;10317
625;8605;11254
676;9300;12286
729;10032;13328
784;10798;14450
841;11634;15610
900;12723;16761
961;14151;17937
1024;15582;19200
0;426;221
1;396;217
4;439;228
9;503;263
16;601;320
25;740;416
36;928;561
49;1099;743
64;1302;984
81;1562;1355
100;1753;1684
121;1957;2021
144;2272;2405
169;2584;2826
196;2892;3292
225;3263;3799
256;3654;4352
289;4093;4923
324;4589;5567
361;5080;6238
400;5626;6964
441;6151;7731
484;6733;8544
529;7316;9301
576;7953;10316
625;8604;11274
676;9308;12282
729;10039;13311
784;10791;14462
841;11656;15560
900;12747;16755
961;14220;17951
1024;15664;19209
0;431;216
1;406;214
4;439;234
9;508;262
16;602;325
25;738;422
36;888;558
49;1066;745
64;1300;988
81;1525;1348
100;1739;1687
121;2003;2022
144;2276;2402
169;2580;2822
196;2898;3289
225;3265;3802
256;3662;4344
289;4090;4922
324;4591;5551
361;5075;6251
400;5614;6968
441;6148;7732
484;6734;8549
529;7316;9407
576;7953;10329
625;8607;11277
676;9313;12290
729;10030;13338
784;10801;14448
841;11652;14626
900;12735;16765
961;14237;17972
1024;15674;19180
0;415;218
1;400;219
4;435;235
9;522;259
16;601;317
25;743;426
36;926;554
49;1104;739
64;1312;986
81;1553;1352
100;1753;1687
121;1977;2025
144;2293;2405
169;2597;2830
196;2890;3288
225;3264;3797
256;3663;4340
289;4093;4926
324;4588;5565
361;5079;6229
400;5623;6969
441;6144;7723
484;6731;8541
529;7315;9395
576;7950;10309
625;8607;11274
676;9314;12285
729;10039;13346
784;10804;14458
841;11651;15581
900;12751;16742
961;14208;17983
1024;15680;19199
0;420;221
1;395;222
4;438;232
9;502;263
16;627;320
25;772;423
36;920;562
49;1065;741
64;1276;988
81;1555;1352
100;1765;1683
121;1960;2022
144;2282;2407
169;2570;2829
196;2889;3291
225;3262;3806
256;3649;4337
289;4091;4930
324;4589;5569
361;5094;6250
400;5624;6968
441;6150;7729
484;6733;8548
529;7319;9400
576;7951;10323
625;8612;11256
676;9306;12294
729;10027;13329
784;10793;14440
841;11618;15606
900;12727;16749
961;14149;17973
1024;15660;19171
0;415;217
1;397;218
4;433;228
9;500;265
16;600;323
25;740;427
36;892;558
49;1067;741
64;1301;989
81;1533;1359
100;1735;1689
121;1955;2027
144;2268;2402
169;2584;2827
196;2880;3295
225;3257;3806
256;3655;4347
289;4089;4934
324;4579;5564
361;5076;6246
400;5614;6969
441;6143;7729
484;6729;8546
529;7310;9387
576;7955;10313
625;8615;11257
676;9312;12301
729;10026;13325
784;10789;14426
841;11631;15600
900;12704;16754
961;14149;17961
1024;15582;19183
0;398;223
1;404;214
4;437;229
9;499;258
16;602;323
25;737;426
36;889;566
49;1067;742
64;1274;988
81;1529;1357
100;1734;1682
121;1959;2027
144;2285;2413
169;2581;2827
196;2886;3290
225;3234;3798
256;3654;4345
289;4095;4937
324;4597;5570
361;5071;6245
400;5617;6959
441;6150;7728
484;6729;8557
529;7317;9399
576;7951;10326
625;8602;11249
676;9311;12293
729;10027;13329
784;10809;14431
841;11636;15589
900;12741;16766
961;14213;17944
1024;15661;19182
0;419;213
1;402;215
4;461;229
9;501;261
16;602;323
25;739;426
36;892;556
49;1083;742
64;1296;988
81;1524;1353
100;1731;1687
121;1973;2025
144;2274;2404
169;2562;2824
196;2885;3291
225;3241;3799
256;3642;4344
289;4089;4931
324;4590;5562
361;5074;6250
400;5613;6971
441;6153;7722
484;6728;8537
529;7315;9399
576;7942;10311
625;8604;11266
676;9305;12278
729;10034;13336
784;10795;14446
841;11643;15571
900;12715;16745
961;14134;17956
1024;15580;19173
0;409;213
1;417;224
4;433;231
9;500;259
16;632;324
25;739;424
36;888;565
49;1066;740
64;1276;990
81;1524;1351
100;1749;1686
121;1957;2024
144;2269;2402
169;2579;2829
196;2856;3287
225;3240;3792
256;3647;4344
289;4091;4928
324;4592;5559
361;5073;6242
400;5615;6962
441;6146;7730
484;6722;8550
529;7309;9400
576;7948;10329
625;8603;11267
676;9300;12288
729;10024;13320
784;10792;14439
841;11625;15596
900;12718;16722
961;14139;17968
1024;15578;19191
0;424;220
1;392;217
4;433;239
9;510;263
16;601;325
25;764;429
36;909;562
49;1067;738
64;1301;985
81;1528;1352
100;1733;1686
121;1979;2027
144;2302;2412
169;2576;2831
196;2867;3289
225;3241;3799
256;3640;4341
289;4090;4932
324;4580;5563
361;5076;6245
400;5611;6964
441;6146;7736
484;6721;8540
529;7318;9395
576;7947;10306
625;8607;11267
676;9306;12278
729;10017;13325
784;10783;14445
841;11630;15592
900;12728;16734
961;14138;17975
1024;15645;19194
0;410;212
1;413;214
4;435;233
9;503;264
16;601;322
25;739;423
36;918;562
49;1091;743
64;1292;989
81;1530;1351
100;1732;1686
121;1956;2023
144;2283;2405
169;2557;2825
196;2865;3288
225;3259;3799
256;3653;4345
289;4093;4922
324;4590;5563
361;5075;6246
400;5612;6969
441;6139;7730
484;6725;8548
529;7314;9398
576;7941;10324
625;8602;11258
676;9303;12270
729;10029;13334
784;10773;14439
841;11649;15606
900;12746;16729
961;14165;17951
1024;15593;19194
0;433;214
1;404;215
4;434;230
9;501;259
16;636;324
25;758;425
36;892;558
49;1096;748
64;1278;992
81;1548;1352
100;1734;1684
121;1958;2023
144;2292;2410
169;2564;2834
196;2892;3296
225;3260;3795
256;3661;4343
289;4091;4935
324;4593;5567
361;5072;6254
400;5607;6964
441;6136;7730
484;6728;8534
529;7313;9398
576;7944;10313
625;8606;11279
676;9310;12280
729;10031;13301
784;10804;14482
841;11650;15595
900;12727;16767
961;14141;17224
1024;15594;19191
0;414;214
1;428;216
4;433;228
9;500;258
16;606;321
25;738;416
36;888;560
49;1065;740
64;1282;985
81;1567;1355
100;1765;1678
121;1958;2022
144;2269;2404
169;2561;2826
196;2869;3288
225;3265;3803
256;3680;4349
289;4075;4922
324;4575;5567
361;5072;6250
400;5610;6963
441;6142;7733
484;6726;8547
529;7315;9391
576;7946;10306
625;8598;11259
676;9298;12288
729;10028;13342
784;10789;14454
841;11628;15592
900;12722;16744
961;14148;17940
1024;15569;19181
0;414;213
1;399;215
4;438;228
9;508;259
16;621;323
25;737;426
36;887;565
49;1107;740
64;1304;986
81;1557;1355
100;1758;1685
121;1962;2023
144;2268;2404
169;2564;2827
196;2893;3288
225;3262;3799
256;3653;4349
289;4088;4933
324;4586;5563
361;5077;6240
400;5611;6963
441;6144;7723
484;6723;8476
529;7312;9401
576;7941;10325
625;8603;11286
676;9305;12285
729;10034;13328
784;10790;14452
841;11630;15594
900;12710;16765
961;14144;17975
1024;15581;19195
0;411;218
1;398;218
4;432;230
9;501;263
16;599;325
25;738;423
36;913;562
49;1089;745
64;1306;986
81;1554;1357
100;1754;1684
121;1967;2024
144;2291;2403
169;2565;2827
196;2891;3291
225;3259;3802
256;3653;4346
289;4072;4926
324;4584;5568
361;5076;6260
400;5616;6973
441;6142;7730
484;6730;8547
529;7305;9410
576;7947;10316
625;8598;11267
676;9302;12285
729;10032;13327
784;10803;14450
841;11647;15583
900;12758;16751
961;14206;17963
1024;15658;19158
0;412;212
1;407;221
4;434;235
9;529;259
16;604;321
25;775;421
36;914;556
49;1070;745
64;1300;990
81;1542;1352
100;1730;1686
121;1954;2028
144;2271;2403
169;2582;2830
196;2881;3289
225;3236;3799
256;3651;4342
289;4081;4930
324;4585;5554
361;5065;6250
400;5606;6967
441;6140;7742
484;6727;8530
529;7298;9392
576;7950;10313
625;8611;11240
676;9304;12288
729;10029;13331
784;10789;14437
841;11641;15583
900;12708;16727
961;14154;17934
1024;15580;19200
0;419;213
1;414;213
4;436;232
9;501;263
16;606;320
25;741;424
36;923;563
49;1095;743
64;1304;986
81;1532;1356
100;1767;1678
121;1972;2022
144;2293;2401
169;2584;2828
196;2884;3284
225;3264;3800
256;3654;4349
289;4088;4936
324;4586;5556
361;5074;6251
400;5608;6960
441;6143;7726
484;6726;8537
529;7310;9396
576;7949;10314
625;8607;11274
676;9304;12271
729;10028;13314
784;10792;14438
841;11632;15601
900;12719;16764
961;14165;17950
1024;15580;19171
0;411;212
1;432;217
4;459;228
9;499;264
16;601;322
25;738;424
36;898;559
49;1071;740
64;1304;987
81;1526;1351
100;1732;1687
121;1978;2026
144;2282;2406
169;2583;2831
196;2891;3294
225;3264;3795
256;3654;4340
289;4087;4932
324;4586;5564
361;5076;6238
400;5621;6969
441;6146;7721
484;6722;8538
529;7309;9407
576;7947;10306
625;8604;11266
676;9311;12310
729;10031;13338
784;10803;14457
841;11651;15565
900;12774;16744
961;14204;17921
1024;15585;19187
0;416;217
1;395;215
4;436;233
9;502;268
16;607;320
25;737;423
36;886;563
49;1065;740
64;1306;987
81;1526;1349
100;1755;1687
121;1963;2030
144;2268;2400
169;2586;2830
196;2871;3288
225;3239;3795
256;3638;4343
289;4090;4922
324;4590;5555
361;5068;6243
400;5617;6964
441;6143;7735
484;6729;8541
529;7312;9396
576;7948;10323
625;8598;11251
676;9299;12286
729;10034;12669
784;10787;14432
841;11631;15593
900;12730;16737
961;14172;17986
1024;15581;19180
0;409;219
1;396;222
4;441;235
9;502;264
16;603;326
25;748;425
36;887;558
49;1067;740
64;1274;985
81;1553;1356
100;1756;1677
121;1962;2032
144;2269;2403
169;2568;2834
196;2887;3292
225;3258;3792
256;3657;4343
289;4089;4935
324;4586;5565
361;5065;6248
400;5612;6976
441;6139;7737
484;6721;8464
529;7305;9411
576;7944;10316
625;8599;11264
676;9308;12301
729;10031;13325
784;10798;14453
841;11625;15577
900;12712;16776
961;14170;17976
1024;15584;19196
0;385;217
1;395;218
4;431;234
9;509;260
16;619;327
25;741;419
36;916;560
49;1067;743
64;1283;989
81;1524;1347
100;1732;1686
121;1956;2025
144;2269;2399
169;2554;2827
196;2887;3291
225;3255;3799
256;3661;4350
289;4092;4930
324;4585;5566
361;5069;6245
400;5617;6969
441;6150;7728
484;6725;8547
529;7311;9399
576;7950;10330
625;8606;11254
676;9299;12295
729;10023;13321
784;10797;14456
841;11631;15588
900;12731;16747
961;14189;17953
1024;15659;19185
0;420;214
1;400;216
4;442;237
9;500;266
16;611;328
25;738;426
36;888;560
49;1068;743
64;1293;983
81;1556;1354
100;1733;1679
121;1974;2025
144;2273;2401
169;2558;2827
196;2883;3290
225;3262;3800
256;3644;4350
289;4095;4934
324;4588;5567
361;5077;6234
400;5613;6966
441;6142;7736
484;6729;8544
529;7318;9398
576;7945;10309
625;8598;11274
676;9320;12296
729;10027;13338
784;10783;14459
841;11619;15584
900;12755;16731
961;14209;17967
1024;15655;19189
0;415;216
1;394;215
4;435;234
9;501;258
16;625;322
25;742;418
36;909;559
49;1079;739
64;1299;986
81;1524;1353
100;1752;1681
121;1957;2025
144;2269;2401
169;2561;2830
196;2854;3290
225;3265;3798
256;3653;4343
289;4083;4926
324;4582;5562
361;5065;6240
400;5611;6966
441;6141;7724
484;6728;8548
529;7308;9393
576;7955;10315
625;8604;11253
676;9295;12290
729;10021;13335
784;10789;14424
841;11630;15578
900;12721;16751
961;14152;17975
1024;15595;18332
0;412;218
1;396;215
4;432;231
9;505;258
16;601;324
25;738;421
36;888;558
49;1069;740
64;1291;984
81;1540;1355
100;1736;1682
121;1957;2023
144;2290;2407
169;2568;2829
196;2876;3290
225;3252;3797
256;3658;4341
289;4094;4933
324;4588;5564
361;5077;6241
400;5616;6965
441;6146;7728
484;6721;8544
529;7310;9397
576;7948;10300
625;8593;11059
676;9294;12273
729;10025;13336
784;10794;14449
841;11659;15601
900;12753;16732
961;14204;17980
1024;15655;19200
0;409;214
1;392;219
4;434;236
9;506;258
16;600;326
25;738;424
36;889;561
49;1082;743
64;1299;987
81;1554;1352
100;1752;1682
121;1963;2024
144;2288;2405
169;2582;2832
196;2891;3294
225;3265;3797
256;3661;4346
289;4090;4934
324;4566;5557
361;5065;6241
400;5612;6966
441;6146;7723
484;6723;8549
529;7310;9394
576;7944;10329
625;8609;10784
676;9300;12298
729;10037;13311
784;10789;14444
841;11626;15588
900;12697;16740
961;14144;17965
1024;15584;19167
0;385;213
1;409;215
4;435;229
9;502;258
16;626;325
25;744;424
36;923;555
49;1096;744
64;1286;988
81;1548;1355
100;1745;1686
121;1957;2026
144;2263;2400
169;2564;2827
196;2890;3288
225;3252;3801
256;3654;4341
289;4089;4904
324;4584;5559
361;5080;6240
400;5612;6967
441;6145;7720
484;6720;8557
529;7308;9399
576;7940;10313
625;8605;11269
676;9307;12290
729;10027;13319
784;10795;14460
841;11624;15579
900;12711;16749
961;14164;17972
1024;15580;19212
0;406;226
1;399;215
4;433;234
9;501;258
16;599;319
25;737;419
36;892;564
49;1066;740
64;1273;992
81;1550;1352
100;1729;1687
121;1957;2023
144;2277;2405
169;2561;2831
196;2878;3288
225;3259;3796
256;3655;4344
289;4080;4930
324;4583;5555
361;5080;6238
400;5617;6968
441;6147;7732
484;6730;8545
529;7316;9398
576;7946;10294
625;8602;11259
676;9303;12282
729;10022;13318
784;10791;14430
841;11626;15602
900;12719;16740
961;14151;17940
1024;15593;19185
0;417;220
1;393;219
4;436;233
9;502;263
16;646;329
25;757;423
36;899;563
49;1095;743
64;1312;985
81;1525;1354
100;1761;1683
121;2009;2026
144;2276;2406
169;2583;2832
196;2890;3286
225;3270;3799
256;3658;4345
289;4079;4929
324;4590;5565
361;5075;6247
400;5612;6973
441;6146;7732
484;6735;8539
529;7316;9396
576;7957;10312
625;8609;11275
676;9305;12291
729;10020;13353
784;10793;14447
841;11638;15587
900;12754;16743
961;14215;17982
1024;15659;19168
0;432;222
1;391;219
4;433;231
9;502;259
16;602;317
25;738;425
36;889;564
49;1064;741
64;1302;987
81;1556;1351
100;1730;1684
121;1956;2029
144;2294;2403
169;2591;2827
196;2864;3289
225;3240;3798
256;3657;4348
289;4092;4923
324;4582;5562
361;5067;6250
400;5621;6965
441;6146;7737
484;6730;8517
529;7309;9395
576;7955;10319
625;8608;11250
676;9308;12289
729;10027;13317
784;10791;14450
841;11628;15552
900;12753;16740
961;14157;17967
1024;15589;19157
0;416;219
1;393;215
4;433;235
9;503;264
16;609;324
25;759;426
36;907;562
49;1064;739
64;1292;986
81;1536;1353
100;1735;1688
121;1957;2022
144;2273;2400
169;2563;2828
196;2893;3293
225;3261;3794
256;3653;4349
289;4090;4928
324;4584;5569
361;5069;6242
400;5621;6964
441;6145;7725
484;6728;8545
529;7306;9396
576;7947;10322
625;8609;11264
676;9295;12266
729;10030;13318
784;10790;14468
841;11629;15589
900;12740;16753
961;14144;17957
1024;15585;19220
0;426;217
1;398;214
4;436;229
9;508;260
16;600;324
25;771;419
36;910;560
49;1091;748
64;1280;986
81;1558;1360
100;1738;1682
121;1956;2024
144;2273;2396
169;2583;2823
196;2889;3290
225;3264;3800
256;3655;4343
289;4094;4922
324;4597;5565
361;5075;6248
400;5608;6975
441;6142;7736
484;6731;8532
529;7310;9400
576;7946;10317
625;8602;11274
676;9317;12280
729;10031;13307
784;10799;14444
841;11635;15603
900;12721;16761
961;14150;17973
1024;15587;19196
0;411;214
1;395;218
4;435;229
9;501;259
16;620;319
25;738;423
36;892;558
49;1075;740
64;1274;985
81;1531;1353
100;1732;1687
121;1976;2027
144;2272;2400
169;2558;2828
196;2896;3289
225;3261;3808
256;3652;4349
289;4080;4926
324;4585;5555
361;5075;6241
400;5613;6967
441;6146;7725
484;6731;8537
529;7312;9403
576;7948;10325
625;8606;11274
676;9309;12280
729;10030;13340
784;10785;14451
841;11625;15577
900;12720;16071
961;14168;17961
1024;15572;19194
0;408;214
1;392;221
4;434;235
9;503;262
16;608;324
25;744;420
36;929;559
49;1093;743
64;1310;988
81;1549;1356
100;1731;1682
121;1958;2024
144;2272;2397
169;2566;2830
196;2879;3297
225;3268;3804
256;3658;4346
289;4086;4932
324;4582;5563
361;5072;6236
400;5614;6969
441;6145;7731
484;6731;8547
529;7313;9402
576;7944;10334
625;8604;11262
676;9294;12296
729;10022;13328
784;10773;14447
841;11629;15614
900;12713;16741
961;14152;17965
1024;15584;19180
0;410;214
1;394;220
4;440;229
9;523;267
16;602;320
25;768;428
36;888;561
49;1081;740
64;1283;985
81;1552;1356
100;1758;1683
121;1964;2024
144;2266;2411
169;2562;2825
196;2887;3288
225;3249;3793
256;3655;4346
289;4089;4934
324;4590;5566
361;5072;6238
400;5615;6963
441;6143;7735
484;6727;8529
529;7309;9390
576;7947;10313
625;8600;11290
676;9300;12292
729;10029;13312
784;10790;14436
841;11638;15576
900;12771;16732
961;14157;17930
1024;15581;19208
0;410;216
1;395;222
4;433;232
9;502;266
16;603;323
25;749;425
36;931;562
49;1091;742
64;1294;991
81;1528;1353
100;1734;1683
121;1955;2024
144;2287;2406
169;2564;2826
196;2890;3290
225;3253;3795
256;3656;4343
289;4089;4930
324;4590;5565
361;5074;6247
400;5607;6964
441;6140;7734
484;6719;8552
529;7314;9400
576;7944;10316
625;8599;11047
676;9306;12273
729;10020;13324
784;10783;14458
841;11643;15609
900;12727;16732
961;14154;17954
1024;15576;19135
0;417;213
1;399;216
4;436;231
9;500;259
16;600;318
25;747;419
36;916;560
49;1064;742
64;1278;987
81;1527;1351
100;1739;1684
121;1957;2021
144;2275;2399
169;2583;2829
196;2865;3287
225;3266;3801
256;3677;4346
289;4079;4929
324;4586;5561
361;5080;6247
400;5604;6964
441;6141;7726
484;6733;8546
529;7309;9391
576;7946;10317
625;8596;11299
676;9303;12289
729;10024;13325
784;10790;14445
841;11648;15599
900;12759;16778
961;14161;17977
1024;15596;19223
0;381;220
1;395;221
4;441;235
9;501;266
16;602;323
25;740;427
36;892;560
49;1092;741
64;1301;983
81;1531;1360
100;1737;1683
121;1979;2025
144;2278;2398
169;2579;2832
196;2889;3291
225;3260;3798
256;3656;4342
289;4093;4927
324;4587;5570
361;5079;6238
400;5615;6969
441;6148;7723
484;6728;8546
529;7319;9387
576;7953;10328
625;8615;11263
676;9320;12283
729;10021;13344
784;10789;14434
841;11630;15586
900;12730;16769
961;14150;17959
1024;15578;19183
0;383;219
1;412;220
4;440;235
9;509;266
16;600;324
25;759;427
36;910;560
49;1068;740
64;1278;986
81;1553;1354
100;1736;1684
121;1956;2022
144;2271;2402
169;2581;2828
196;2887;3290
225;3265;3801
256;3653;4346
289;4091;4928
324;4596;5561
361;5075;6240
400;5614;6972
441;6140;7725
484;6721;8527
529;7309;9402
576;7949;10315
625;8608;11265
676;9298;12277
729;10037;13318
784;10795;13674
841;11634;15589
900;12726;16743
961;14153;18005
1024;15576;19201
0;398;214
1;400;221
4;432;237
9;504;258
16;634;321
25;772;423
36;888;562
49;1070;742
64;1288;989
81;1543;1356
100;1733;1681
121;1959;2027
144;2284;2405
169;2582;2829
196;2875;3286
225;3263;3798
256;3659;4346
289;4089;4929
324;4594;5561
361;5072;6248
400;5606;6968
441;6138;7726
484;6715;8539
529;7316;9436
576;7956;10322
625;8613;11260
676;9306;12307
729;10019;13314
784;10794;14440
841;11630;15577
900;12716;16740
961;14151;17926
1024;15580;19172
0;409;219
1;407;225
4;451;231
9;528;264
16;618;320
25;740;424
36;889;558
49;1091;739
64;1275;987
81;1547;1353
100;1758;1683
121;1955;2024
144;2274;2406
169;2556;2830
196;2861;3286
225;3260;3799
256;3660;4348
289;4082;4930
324;4598;5560
361;5073;6249
400;5616;6959
441;6148;7737
484;6724;8538
529;7310;9397
576;7955;10313
625;8614;11263
676;9320;12292
729;10029;13327
784;10795;14552
841;11629;15601
900;12728;16827
961;14155;17956
1024;15582;19319
0;416;213
1;395;215
4;439;229
9;500;265
16;601;326
25;745;425
36;887;560
49;1081;740
64;1279;989
81;1560;1355
100;1762;1686
121;1960;2028
144;2275;2400
169;2568;2832
196;2868;3295
225;3260;3808
256;3640;4347
289;4094;4929
324;4571;5560
361;5075;6235
400;5614;6960
441;6144;7729
484;6728;8544
529;7318;9388
576;7948;10315
625;8601;11266
676;9298;12281
729;10028;13328
784;10789;14431
841;11635;15621
900;12741;16756
961;14143;17953
1024;15593;19198
0;410;214
1;405;218
4;462;231
9;501;263
16;606;325
25;789;423
36;909;561
49;1093;745
64;1313;986
81;1555;1353
100;1732;1685
121;1955;2024
144;2261;2403
169;2578;2832
196;2878;3297
225;3268;3797
256;3642;4348
289;4089;4933
324;4588;5559
361;5076;6243
400;5610;6962
441;6150;7724
484;6727;8549
529;7310;9401
576;7945;10309
625;8611;11265
676;9311;12279
729;10029;13359
784;10789;14469
841;11638;15614
900;12731;16765
961;14148;18003
1024;15625;19191
0;378;216
1;393;214
4;436;240
9;501;262
16;601;322
25;771;422
36;917;561
49;1093;743
64;1293;991
81;1559;1352
100;1747;1681
121;1959;2026
144;2299;2398
169;2580;2822
196;2909;3290
225;3262;3798
256;3663;4343
289;4095;4932
324;4589;5560
361;5082;6244
400;5620;6964
441;6143;7723
484;6728;8548
529;7318;9390
576;7951;10307
625;8601;11271
676;9299;12289
729;10041;13321
784;10805;14465
841;11644;15585
900;12780;16762
961;14200;18001
1024;15662;19178
0;413;222
1;396;219
4;432;233
9;521;266
16;603;322
25;751;420
36;889;563
49;1065;744
64;1297;984
81;1528;1352
100;1748;1685
121;1975;2025
144;2298;2400
169;2579;2830
196;2870;3291
225;3265;3794
256;3656;4345
289;4090;4929
324;4581;5567
361;5078;6245
400;5608;6964
441;6144;7725
484;6724;8542
529;7316;9400
576;7949;10311
625;8608;11263
676;9308;12332
729;10027;13323
784;10786;14459
841;11631;15574
900;12716;16762
961;14155;17972
1024;15582;19199
0;420;214
1;416;216
4;455;231
9;523;264
16;600;324
25;738;418
36;898;561
49;1067;741
64;1314;986
81;1553;1350
100;1760;1684
121;1959;2026
144;2272;2403
169;2563;2827
196;2890;3294
225;3259;3799
256;3645;4340
289;4086;4923
324;4593;5566
361;5066;6238
400;5622;6967
441;6145;7736
484;6725;8244
529;7307;9399
576;7955;10322
625;8609;11289
676;9304;12286
729;10026;13327
784;10792;14470
841;11638;15588
900;12718;16855
961;14145;17967
1024;15592;19274
0;418;214
1;396;215
4;465;234
9;502;259
16;639;320
25;763;422
36;886;562
49;1068;739
64;1304;986
81;1530;1356
100;1733;1686
121;1974;2027
144;2279;2403
169;2560;2833
196;2890;3291
225;3261;3802
256;3655;4344
289;4086;4926
324;4584;5562
361;5073;6244
400;5611;6960
441;6138;7765
484;6723;8537
529;7317;9394
576;7954;10308
625;8607;11271
676;9298;12290
729;10045;13344
784;10788;14458
841;11636;15593
900;12733;16746
961;14146;17934
1024;15579;19177
0;409;219
1;392;219
4;468;232
9;508;264
16;624;324
25;738;420
36;887;561
49;1068;738
64;1305;987
81;1530;1354
100;1761;1681
121;1973;2026
144;2273;2404
169;2567;2827
196;2871;3289
225;3236;3796
256;3656;4343
289;4084;4927
324;4573;5430
361;5069;6245
400;5600;6967
441;6147;7727
484;6720;8547
529;7306;9394
576;7951;10319
625;8600;11261
676;9300;12295
729;10027;13317
784;10792;14439
841;11634;15582
900;12737;16738
961;14148;17945
1024;15587;19161
0;409;221
1;398;215
4;433;228
9;501;262
16;600;320
25;751;424
36;917;559
49;1086;742
64;1281;987
81;1527;1353
100;1735;1682
121;1957;2019
144;2266;2400
169;2573;2829
196;2906;3287
225;3283;3797
256;3656;4345
289;4088;4934
324;4586;5556
361;5076;6242
400;5620;6965
441;6150;7728
484;6730;8539
529;7309;9398
576;7944;10314
625;8600;11259
676;9301;12304
729;10036;13332
784;10787;14457
841;11639;15575
900;12710;16735
961;14175;17941
1024;15578;18341
0;413;223
1;394;215
4;470;233
9;506;259
16;600;325
25;738;423
36;922;560
49;1096;745
64;1281;988
81;1523;1353
100;1772;1685
121;1962;2025
144;2285;2399
169;2562;2831
196;2887;3289
225;3263;3795
256;3662;4338
289;4086;4927
324;4587;5567
361;5076;6249
400;5612;6967
441;6143;7733
484;6724;8544
529;7314;9389
576;7947;10314
625;8597;11255
676;9302;12291
729;10019;12922
784;10792;14445
841;11633;15583
900;12719;16754
961;14157;17163
1024;15588;19181
0;418;213
1;404;215
4;435;230
9;499;260
16;624;320
25;768;427
36;918;563
49;1064;740
64;1291;990
81;1554;1355
100;1729;1684
121;1954;2025
144;2271;2407
169;2560;2828
196;2868;3283
225;3255;3801
256;3656;4338
289;4082;4924
324;4583;5564
361;5075;6240
400;5610;6969
441;6146;7720
484;6732;8540
529;7310;9398
576;7948;10317
625;8609;11277
676;9303;12289
729;10020;13317
784;10791;14444
841;11631;15577
900;12740;16061
961;14215;17966
1024;15661;19223
0;420;214
1;400;215
4;455;235
9;503;264
16;630;326
25;771;429
36;916;561
49;1089;743
64;1301;987
81;1549;1349
100;1732;1690
121;1956;2024
144;2272;2401
169;2582;2829
196;2887;3288
225;3258;3805
256;3675;4340
289;4094;4928
324;4590;5561
361;5076;6242
400;5614;6978
441;6144;7734
484;6729;8544
529;7306;9406
576;7948;10314
625;8594;11260
676;9306;12275
729;10031;13327
784;10797;13676
841;11645;15588
900;12769;16742
961;14208;17951
1024;15588;19178
0;408;214
1;395;220
4;433;231
9;503;264
16;601;319
25;762;426
36;890;559
49;1099;742
64;1275;988
81;1545;1355
100;1737;1678
121;1956;2025
144;2291;2393
169;2573;2828
196;2869;3293
225;3261;3797
256;3655;4348
289;4081;4935
324;4581;5559
361;5067;6236
400;5605;6970
441;6147;7729
484;6719;8535
529;7308;9384
576;7942;10299
625;8606;11266
676;9298;12294
729;10029;13322
784;10788;14443
841;11635;15584
900;12730;16749
961;14138;17959
1024;15584;19157
0;413;220
1;395;216
4;431;230
9;499;264
16;604;324
25;742;420
36;888;562
49;1064;739
64;1279;985
81;1539;1350
100;1736;1684
121;1966;2024
144;2268;2403
169;2565;2825
196;2884;3288
225;3274;3791
256;3650;4343
289;4091;4936
324;4588;5568
361;5072;6250
400;5615;6962
441;6142;7729
484;6722;8530
529;7310;9392
576;7951;10317
625;8602;11248
676;9306;12286
729;10026;13331
784;10786;14430
841;11634;15593
900;12732;16747
961;14156;17936
1024;15576;19155
0;397;219
1;394;216
4;433;229
9;504;260
16;626;320
25;775;426
36;909;558
49;1065;739
64;1277;988
81;1555;1358
100;1733;1683
121;1965;2023
144;2275;2405
169;2580;2828
196;2889;3284
225;3245;3796
256;3654;4346
289;4092;4931
324;4593;5561
361;5072;6235
400;5612;6961
441;6141;7726
484;6729;8541
529;7321;9392
576;7950;10303
625;8596;11278
676;9303;12271
729;10019;13332
784;10785;14473
841;11636;15581
900;12709;16755
961;14158;17956
1024;15579;19197
0;426;213
1;400;215
4;453;229
9;505;266
16;600;327
25;764;422
36;941;567
49;1093;743
64;1274;988
81;1525;1350
100;1730;1683
121;1957;2023
144;2290;2405
169;2586;2829
196;2867;3289
225;3242;3798
256;3647;4339
289;4091;4922
324;4587;5566
361;5074;6241
400;5613;6974
441;6150;7724
484;6727;8544
529;7314;9394
576;7954;10312
625;8615;11266
676;9307;12282
729;10013;13324
784;10794;14434
841;11626;15573
900;12732;16756
961;14147;17960
1024;15586;19163
0;423;217
1;392;224
4;434;233
9;507;264
16;609;328
25;741;425
36;887;564
49;1091;746
64;1274;985
81;1523;1353
100;1751;1685
121;1962;2026
144;2280;2401
169;2558;2827
196;2893;3292
225;3262;3799
256;3668;4339
289;4085;4925
324;4582;5547
361;5078;6243
400;5613;6969
441;6141;7729
484;6728;8539
529;7313;9396
576;7941;10324
625;8597;11275
676;9307;12292
729;10019;13333
784;10800;14444
841;11635;15566
900;12734;16756
961;14149;17940
1024;15590;19178
0;422;216
1;396;219
4;434;229
9;545;262
16;602;320
25;777;426
36;889;560
49;1085;742
64;1284;988
81;1572;1350
100;1759;1682
121;1965;2028
144;2273;2403
169;2563;2828
196;2900;3291
225;3246;3801
256;3641;4336
289;4055;4932
324;4586;5560
361;5074;6238
400;5611;6972
441;6143;7730
484;6722;8550
529;7308;9398
576;7944;10318
625;8602;11254
676;9310;12283
729;10022;13337
784;10785;14425
841;11626;15395
900;12722;16747
961;14150;17965
1024;15596;19207
0;413;214
1;395;215
4;433;232
9;500;267
16;606;324
25;740;420
36;887;558
49;1064;746
64;1293;987
81;1549;1353
100;1762;1676
121;1962;2026
144;2285;2400
169;2580;2828
196;2886;3287
225;3261;3799
256;3655;4347
289;4090;4930
324;4583;5566
361;5075;6244
400;5611;6973
441;6142;7731
484;6726;8539
529;7311;9406
576;7958;10305
625;8599;11279
676;9303;12297
729;10028;13318
784;10788;14454
841;11639;15581
900;12712;16743
961;14219;17954
1024;15660;19186
0;457;221
1;411;216
4;441;229
9;502;259
16;606;326
25;768;418
36;890;566
49;1069;744
64;1304;989
81;1544;1353
100;1731;1681
121;1982;2023
144;2267;2404
169;2572;2833
196;2881;3285
225;3265;3797
256;3658;4326
289;4110;4934
324;4589;5566
361;5072;6239
400;5604;6961
441;6150;7665
484;6728;8443
529;7309;9390
576;7943;10312
625;8593;11255
676;9305;11959
729;10026;13320
784;10792;14457
841;11620;15577
900;12717;16754
961;14163;17972
1024;15575;19208
0;424;213
1;404;218
4;432;234
9;534;268
16;601;327
25;765;427
36;887;561
49;1068;739
64;1278;988
81;1552;1354
100;1736;1684
121;1957;2027
144;2264;2407
169;2569;2830
196;2864;3290
225;3265;3796
256;3645;4354
289;4093;4936
324;4590;5562
361;5075;6243
400;5612;6961
441;6150;7724
484;6725;8541
529;7312;9390
576;7951;10298
625;8606;11277
676;9313;12299
729;10025;13340
784;10793;14441
841;11636;15579
900;12747;16749
961;14215;17968
1024;15587;19158
0;409;216
1;430;221
4;435;234
9;524;264
16;608;326
25;740;423
36;913;560
49;1086;746
64;1275;988
81;1534;1348
100;1733;1685
121;1959;2022
144;2276;2402
169;2560;2828
196;2895;3290
225;3259;3806
256;3659;4342
289;4091;4931
324;4590;5565
361;5080;6242
400;5617;6963
441;6151;7729
484;6718;8541
529;7304;9398
576;7954;10320
625;8616;11262
676;9303;12271
729;10030;13316
784;10794;14433
841;11638;15604
900;12715;16725
961;14161;17958
1024;15575;19170
0;410;213
1;396;215
4;433;239
9;500;263
16;605;319
25;741;427
36;922;559
49;1100;743
64;1293;990
81;1523;1355
100;1749;1685
121;1979;2028
144;2271;2399
169;2580;2829
196;2864;3285
225;3257;3797
256;3654;4348
289;4093;4932
324;4584;5558
361;5076;6239
400;5608;6964
441;6146;7657
484;6734;8548
529;7315;9405
576;7951;10318
625;8603;11274
676;9302;12297
729;10030;13325
784;10791;14457
841;11635;15605
900;12724;16080
961;14160;17972
1024;15589;19181
0;413;217
1;422;218
4;438;231
9;499;264
16;601;320
25;741;425
36;887;562
49;1072;740
64;1294;989
81;1548;1352
100;1730;1677
121;1963;2027
144;2275;2402
169;2565;2831
196;2866;3286
225;3256;3803
256;3660;4346
289;4090;4927
324;4583;5563
361;5071;6254
400;5616;6962
441;6148;7732
484;6728;8556
529;7314;9395
576;7955;10311
625;8600;11253
676;9307;12291
729;10029;13328
784;10783;14429
841;11627;15581
900;12729;16727
961;14149;17953
1024;15587;19165
0;420;213
1;396;215
4;438;229
9;502;259
16;602;323
25;758;425
36;890;559
49;1089;739
64;1311;988
81;1526;1356
100;1734;1682
121;1957;2027
144;2268;2404
169;2566;2831
196;2888;3285
225;3261;3795
256;3655;4346
289;4092;4930
324;4589;5551
361;5076;6238
400;5604;6969
441;6145;7727
484;6725;8537
529;7313;9395
576;7946;10314
625;8607;11270
676;9302;12283
729;10023;13324
784;10789;14433
841;11625;15574
900;12717;16761
961;14152;17960
1024;15573;19163
0;421;213
1;397;215
4;466;234
9;535;267
16;604;327
25;738;426
36;887;563
49;1066;745
64;1299;988
81;1553;1353
100;1730;1686
121;1982;2023
144;2296;2402
169;2583;2825
196;2881;3295
225;3261;3793
256;3655;4346
289;4089;4929
324;4588;5570
361;5079;6238
400;5609;6962
441;6140;7734
484;6723;8533
529;7309;9398
576;7946;10322
625;8604;11245
676;9292;12281
729;10025;13326
784;10788;14426
841;11632;15590
900;12730;16743
961;14159;17939
1024;15582;19171
0;408;215
1;393;222
4;432;229
9;501;265
16;603;326
25;744;423
36;887;565
49;1066;742
64;1303;985
81;1525;1353
100;1732;1682
121;1963;2019
144;2273;2400
169;2579;2828
196;2895;3289
225;3248;3803
256;3642;4345
289;4096;4932
324;4595;5565
361;5080;6228
400;5615;6969
441;6154;7733
484;6728;8536
529;7310;9413
576;7946;10015
625;8606;11274
676;9299;12292
729;10034;13339
784;10786;14437
841;11621;15598
900;12726;16745
961;14140;17959
1024;15593;19159
0;414;217
1;399;214
4;441;233
9;505;262
16;599;321
25;763;426
36;887;560
49;1067;743
64;1277;986
81;1532;1348
100;1735;1684
121;1975;2025
144;2290;2408
169;2564;2830
196;2882;3290
225;3245;3796
256;3655;4347
289;4095;4934
324;4577;5556
361;5079;6250
400;5616;6970
441;6141;7732
484;6726;8547
529;7305;9397
576;7950;10317
625;8605;11256
676;9304;12292
729;10033;13339
784;10796;14463
841;11630;15589
900;12727;16762
961;14162;17957
1024;15570;19167
0;416;219
1;392;218
4;463;236
9;500;265
16;613;319
25;751;420
36;889;556
49;1083;741
64;1276;991
81;1530;1354
100;1735;1688
121;1957;2024
144;2271;2401
169;2581;2828
196;2870;3287
225;3246;3795
256;3658;4345
289;4090;4924
324;4591;5570
361;5063;6235
400;5605;6961
441;6145;7726
484;6729;8540
529;7312;9405
576;7945;10312
625;8607;11266
676;9305;12293
729;10027;13322
784;10787;14462
841;11630;15577
900;12713;16077
961;14162;17954
1024;15581;19196
0;414;214
1;396;215
4;437;228
9;501;258
16;603;324
25;737;425
36;889;562
49;1069;744
64;1319;988
81;1546;1354
100;1760;1688
121;1972;2031
144;2271;2400
169;2575;2830
196;2879;3296
225;3254;3794
256;3655;4338
289;4092;4930
324;4589;5567
361;5076;6238
400;5612;6962
441;6147;7723
484;6729;8536
529;7309;9403
576;7962;10322
625;8604;11264
676;9293;12294
729;10028;13311
784;10799;14405
841;11636;15589
900;12724;16756
961;14144;17960
1024;15587;19189
0;428;213
1;403;215
4;434;228
9;502;263
16;600;320
25;741;425
36;897;558
49;1067;744
64;1306;989
81;1529;1359
100;1730;1684
121;1975;2023
144;2290;2405
169;2580;2825
196;2903;3292
225;3251;3793
256;3657;4343
289;4094;4930
324;4583;5564
361;5071;6242
400;5608;6969
441;6144;7725
484;6729;8535
529;7305;9401
576;7946;10309
625;8615;11272
676;9306;12286
729;10019;13327
784;10793;14460
841;11641;15579
900;12752;16733
961;14207;17973
1024;15658;19193
0;382;220
1;396;222
4;437;234
9;529;261
16;640;325
25;754;424
36;918;563
49;1064;745
64;1276;987
81;1548;1350
100;1755;1686
121;1975;2022
144;2278;2403
169;2559;2827
196;2881;3287
225;3257;3797
256;3657;4342
289;4092;4927
324;4582;5559
361;5063;6247
400;5611;6974
441;6142;7724
484;6727;8548
529;7302;9398
576;7946;10295
625;8594;11259
676;9303;12286
729;10030;13346
784;10788;14447
841;11626;15599
900;12716;16744
961;14162;17985
1024;15591;19189
0;419;218
1;396;214
4;441;233
9;506;266
16;624;320
25;775;423
36;919;561
49;1093;746
64;1280;982
81;1550;1353
100;1733;1686
121;1961;2027
144;2274;2403
169;2593;2827
196;2889;3237
225;3240;3794
256;3658;4344
289;4089;4939
324;4586;5560
361;5076;6235
400;5617;6965
441;6149;7727
484;6728;8532
529;7309;9401
576;7949;10315
625;8602;11280
676;9294;12291
729;10031;13333
784;10794;14449
841;11647;15608
900;12749;16763
961;14212;17966
1024;15660;19165
0;416;219
1;393;222
4;439;231
9;502;262
16;632;324
25;772;424
36;886;563
49;1081;741
64;1280;984
81;1526;1352
100;1729;1688
121;1971;2022
144;2292;2406
169;2576;2833
196;2892;3295
225;3267;3800
256;3655;4342
289;4084;4933
324;4591;5566
361;5072;6236
400;5605;6963
441;6144;7730
484;6725;8535
529;7312;9398
576;7944;10323
625;8607;11258
676;9305;12296
729;10028;13337
784;10798;14444
841;11631;15595
900;12750;16745
961;14152;17969
1024;15587;19194
0;427;214
1;412;215
4;438;233
9;502;262
16;599;326
25;758;421
36;891;557
49;1067;738
64;1276;985
81;1558;1349
100;1755;1687
121;1972;2024
144;2284;2404
169;2566;2827
196;2871;3293
225;3256;3790
256;3630;4344
289;4090;4934
324;4579;5570
361;5079;6234
400;5617;6963
441;6145;7729
484;6726;8549
529;7314;9393
576;7959;10310
625;8610;11275
676;9311;12282
729;10038;13330
784;10791;14461
841;11636;15558
900;12755;16743
961;14213;17948
1024;15596;19198
0;419;224
1;403;217
4;442;234
9;507;268
16;624;323
25;768;430
36;918;562
49;1104;743
64;1299;985
81;1543;1355
100;1731;1685
121;1963;2024
144;2300;2402
169;2590;2824
196;2893;3291
225;3262;3728
256;3652;4345
289;4076;4923
324;4584;5556
361;5068;6238
400;5615;6961
441;6145;7725
484;6724;8538
529;7312;9397
576;7952;10324
625;8605;11262
676;9299;12288
729;10015;13350
784;10791;14434
841;11622;15582
900;12713;16710
961;14150;17954
1024;15583;19185
0;413;221
1;398;218
4;436;237
9;501;266
16;599;325
25;739;426
36;923;561
49;1083;745
64;1275;988
81;1532;1352
100;1732;1685
121;1956;2023
144;2261;2403
169;2566;2825
196;2884;3287
225;3266;3796
256;3660;4341
289;4096;4923
324;4578;5569
361;5064;6242
400;5612;6969
441;6145;7729
484;6722;8540
529;7308;9387
576;7951;10317
625;8598;11278
676;9312;12281
729;10034;13331
784;10800;14467
841;11640;15576
900;12759;16728
961;14214;17983
1024;15662;19197
0;415;219
1;397;221
4;432;230
9;510;263
16;628;327
25;743;423
36;919;561
49;1088;742
64;1274;984
81;1552;1349
100;1742;1685
121;1958;2024
144;2271;2399
169;2565;2823
196;2893;3286
225;3241;3796
256;3651;4339
289;4089;4935
324;4584;5553
361;5076;6239
400;5615;6967
441;6146;7725
484;6729;8533
529;7307;8994
576;7936;10318
625;8595;11260
676;9297;12287
729;10022;13325
784;10788;14442
841;11630;15597
900;12707;16731
961;14154;17968
1024;15580;19194
0;426;220
1;413;215
4;436;229
9;500;263
16;610;323
25;763;422
36;890;562
49;1064;742
64;1273;993
81;1574;1354
100;1750;1683
121;1956;2024
144;2269;2405
169;2583;2827
196;2887;3289
225;3259;3797
256;3655;4337
289;4082;4924
324;4584;5564
361;5077;6242
400;5609;6965
441;6137;7731
484;6726;8531
529;7312;9398
576;7942;10310
625;8593;11279
676;9299;12284
729;10017;13319
784;10788;14453
841;11622;15564
900;12725;16761
961;14155;17961
1024;15578;19200
0;393;217
1;407;216
4;470;229
9;503;262
16;604;319
25;759;422
36;923;563
49;1099;744
64;1305;987
81;1540;1353
100;1732;1683
121;1978;2022
144;2268;2400
169;2558;2825
196;2887;3285
225;3256;3794
256;3643;4354
289;4091;4935
324;4588;5562
361;5070;6240
400;5608;6966
441;6142;7727
484;6721;8544
529;7309;9399
576;7951;10307
625;8608;11261
676;9299;12279
729;10018;13322
784;10786;14449
841;11623;15576
900;12733;16749
961;14150;17945
1024;15585;19193
0;386;217
1;399;223
4;437;233
9;502;264
16;603;320
25;737;424
36;893;561
49;1068;738
64;1291;991
81;1549;1355
100;1730;1683
121;1963;2019
144;2290;2401
169;2578;2827
196;2896;3282
225;3241;3800
256;3662;4342
289;4092;4927
324;4584;5569
361;5077;6245
400;5613;6979
441;6148;7725
484;6731;8540
529;7316;9406
576;7952;10305
625;8602;11272
676;9309;12274
729;10029;13339
784;10805;14436
841;11640;15570
900;12731;16750
961;14160;17974
1024;15587;19163
0;411;219
1;391;224
4;433;235
9;502;263
16;607;332
25;736;429
36;890;566
49;1065;739
64;1301;987
81;1542;1354
100;1731;1681
121;1980;2021
144;2294;2404
169;2583;2823
196;2887;3286
225;3266;3795
256;3656;4342
289;4094;4923
324;4588;5564
361;5079;6234
400;5616;6966
441;6141;7732
484;6730;8551
529;7309;9383
576;7947;10321
625;8600;11251
676;9308;12278
729;10019;13317
784;10788;14431
841;11632;15592
900;12733;16760
961;14142;17172
1024;15577;19172
0;412;218
1;396;222
4;452;233
9;508;266
16;602;323
25;739;424
36;910;560
49;1094;744
64;1277;983
81;1554;1353
100;1732;1685
121;1981;2022
144;2292;2403
169;2568;2828
196;2878;3287
225;3245;3795
256;3655;4341
289;4089;4928
324;4586;5509
361;5079;6237
400;5614;6964
441;6150;7725
484;6728;8537
529;7311;9397
576;7950;10315
625;8610;11259
676;9308;12286
729;10032;13308
784;10793;14454
841;11644;15590
900;12767;16751
961;14161;17934
1024;15579;19172
0;423;215
1;402;217
4;435;229
9;501;258
16;602;320
25;741;412
36;888;560
49;1065;741
64;1277;988
81;1525;1349
100;1733;1684
121;1983;2024
144;2270;2401
169;2565;2826
196;2879;3286
225;3251;3788
256;3659;4344
289;4091;4936
324;4590;5554
361;5077;6244
400;5608;6961
441;6146;7725
484;6730;8556
529;7315;9389
576;7953;10323
625;8612;11259
676;9310;12270
729;10023;13326
784;10786;14443
841;11634;15584
900;12746;16758
961;14192;17945
1024;15666;19206
0;412;213
1;432;215
4;437;235
9;499;265
16;604;322
25;739;419
36;887;561
49;1088;743
64;1277;985
81;1558;1355
100;1756;1685
121;1959;2023
144;2285;2399
169;2571;2826
196;2874;3289
225;3259;3794
256;3652;4349
289;4089;4931
324;4581;5566
361;5075;6247
400;5614;6965
441;6138;7733
484;6721;8541
529;7303;9389
576;7944;10304
625;8607;11266
676;9289;12290
729;10031;13329
784;10793;14439
841;11631;15586
900;12717;16772
961;14230;17980
1024;15655;19181
0;415;220
1;392;218
4;433;228
9;502;262
16;602;323
25;739;424
36;907;566
49;1066;742
64;1276;989
81;1525;1354
100;1754;1686
121;1979;2026
144;2261;2402
169;2573;2828
196;2895;3296
225;3260;3801
256;3677;4345
289;4096;4928
324;4584;5555
361;5075;6245
400;5607;6968
441;6144;7714
484;6722;8543
529;7316;9385
576;7943;10307
625;8596;11256
676;9309;12285
729;10030;13318
784;10794;14436
841;11653;15598
900;12746;16755
961;14195;17976
1024;15651;19171
0;411;217
1;394;215
4;448;235
9;503;259
16;624;327
25;741;420
36;897;559
49;1082;739
64;1277;983
81;1547;1351
100;1749;1686
121;1976;2023
144;2278;2404
169;2562;2832
196;2886;3282
225;3256;3795
256;3650;4345
289;4092;4933
324;4586;5561
361;5069;6244
400;5615;6970
441;6146;7723
484;6719;8531
529;7312;9389
576;7953;10313
625;8612;11268
676;9296;12304
729;10025;13315
784;10794;14445
841;11629;15579
900;12714;16061
961;14144;17962
1024;15572;19173
0;410;213
1;394;219
4;434;232
9;501;263
16;599;323
25;737;427
36;894;565
49;1075;742
64;1295;984
81;1543;1355
100;1751;1682
121;1980;2025
144;2266;2398
169;2561;2824
196;2863;3289
225;3258;3801
256;3646;4344
289;4092;4928
324;4583;5555
361;5078;6242
400;5612;6971
441;6147;7729
484;6725;8541
529;7317;9392
576;7939;10324
625;8616;11268
676;9308;12289
729;10033;13336
784;10783;14451
841;11636;15580
900;12748;16756
961;14149;17958
1024;15596;19195
0;425;213
1;419;213
4;435;231
9;536;267
16;600;323
25;764;424
36;891;561
49;1067;742
64;1275;986
81;1549;1355
100;1737;1680
121;1956;2022
144;2270;2403
169;2561;2828
196;2872;3287
225;3256;3800
256;3647;4339
289;4089;4927
324;4581;5565
361;5068;6250
400;5614;6962
441;6144;7724
484;6716;8534
529;7304;9400
576;7953;10309
625;8596;11269
676;9316;12275
729;10021;13306
784;10785;14445
841;11630;15578
900;12712;16723
961;14144;17944
1024;15633;18797
0;424;213
1;420;214
4;439;231
9;505;265
16;599;326
25;768;426
36;918;562
49;1094;747
64;1307;984
81;1553;1351
100;1733;1683
121;1983;2021
144;2276;2401
169;2563;2827
196;2873;3291
225;3250;3799
256;3658;4339
289;4083;4924
324;4593;5560
361;5070;6239
400;5615;6960
441;6144;7718
484;6727;8543
529;7319;9394
576;7954;10325
625;8616;11251
676;9317;12281
729;10025;13338
784;10810;14441
841;11665;15290
900;12750;16741
961;14216;17907
1024;15654;18577
